fold,epoch,train_loss_median,val_loss_median,train_loss_mean,val_loss_mean,train_loss_std,val_loss_std
0,0,82.793765,81.130225,83.14149173125,82.30839882083335,18.535682903647558,19.164243027498895
1,0,76.17557,68.01294999999999,77.72740907083333,69.94940844583334,19.668972832344668,18.721589776654643
2,0,74.300505,68.30562,76.77508550208333,70.63631007916668,20.432139438125063,19.344461386840205
3,0,82.32542000000001,78.58520999999999,83.04967292083333,79.31370739166665,19.196054911257267,18.855090507445574
4,0,76.61477,70.51494,78.05879047916667,72.25228400833333,19.482312126558277,18.661636631121905
