fold,epoch,train_loss_median,val_loss_median,train_loss_mean,val_loss_mean,train_loss_std,val_loss_std
0,0,74.445865,73.60203999999999,77.55694416666667,77.17146702083333,20.73959040214806,21.097288211551398
1,0,94.42446000000001,86.181165,96.00052385416666,88.52846455,22.076505267833205,16.719913625685475
2,0,74.08462,70.1249,76.76230701458334,72.813997575,20.551713025181446,18.331119435466874
3,0,94.62954500000001,86.280775,96.39919820416668,89.13745354999999,23.211445645924037,17.54577347187826
4,0,74.169635,68.71201500000001,76.63649791458333,71.23778230833334,20.09431249450062,18.70681688047206
