fold,epoch,train_loss_median,val_loss_median,train_loss_mean,val_loss_mean,train_loss_std,val_loss_std
0,0,94.10981,85.43667500000001,95.73258546666666,88.32599875,21.85515535740175,16.610724661698868
1,0,72.845875,67.803145,74.96187845625,70.47282336666666,19.85817193320618,19.14844027813761
2,0,74.14446,69.22579999999999,77.71794874791667,73.01096000416665,21.14456783851084,20.569044440947604
3,0,76.88562999999999,75.819945,78.95964880416668,77.96380364166666,20.486586702891255,22.29296516550005
4,0,95.22274999999999,86.34944,96.2153904,88.55302755,22.103464524569343,16.582056079984127
