fold,epoch,train_loss_median,val_loss_median,train_loss_mean,val_loss_mean,train_loss_std,val_loss_std
0,0,73.696635,66.74333,74.99392927916666,69.97086602916667,19.565099038847578,19.873769976401068
1,0,77.033265,71.043555,78.62206798958333,72.66129011666666,19.5735367373314,18.484390590681116
2,0,76.674615,72.584145,78.35320616875,73.70176657916666,19.905617548894938,16.047253679897537
3,0,72.38685,67.62422000000001,75.13073855625,70.15722134166667,21.018776535629254,18.452364279135576
4,0,76.47512,76.846855,78.22439418333333,78.74661052083333,19.455243072672417,20.439068555267454
