fold,epoch,train_loss_median,val_loss_median,train_loss_mean,val_loss_mean,train_loss_std,val_loss_std
0,0,75.214745,80.96075,77.44233847083332,82.45062640000002,19.831317594977726,20.81550218789789
1,0,94.022155,86.12473,95.84978871458334,88.3564705875,22.0668975946208,16.818458628583397
2,0,87.041035,86.73964000000001,87.92893782291665,89.16739459166666,19.91036635646273,16.6682020732865
3,0,75.279765,72.009735,77.23243229791666,73.02957618749998,20.15934143729736,19.060438064030567
4,0,78.554755,71.01554,79.77322992083333,72.87702061666667,19.194426201195313,19.399574759344084
