fold,epoch,train_loss_median,val_loss_median,train_loss_mean,val_loss_mean,train_loss_std,val_loss_std
0,0,75.979255,72.91561999999999,77.45651492708333,74.21232802916667,19.414007907500377,16.767272544989417
1,0,76.425645,74.92137500000001,77.55280680416666,76.87822205416667,19.415951665931768,21.463286443887494
2,0,76.6815,71.50415000000001,78.48606781875,72.964357475,19.520222551125112,18.79640300708544
3,0,73.298575,66.88056,75.65817996874999,69.5616234875,20.930790614449776,18.7956938247515
4,0,94.87738,86.31912,95.94773830833333,88.54226745,21.54986644176502,16.563775553402312
