fold,epoch,train_loss_median,val_loss_median,train_loss_mean,val_loss_mean,train_loss_std,val_loss_std
0,0,72.84214,70.762185,75.54373377708333,73.28860430416665,20.23606632933676,19.875945365830148
1,0,76.6723,70.0082,78.57411739791665,71.916254225,19.74332829550524,18.734678399903377
2,0,96.000805,86.68424,97.50361739375,89.5293827,23.267913526377146,17.53289284907333
3,0,94.36399,86.282665,96.35039405208333,89.1334768125,23.12290546005449,17.53812303160816
4,0,95.03593000000001,86.32219,96.29482698125001,88.54335255000001,22.35504333135898,16.565630868641374
