fold,epoch,train_loss_median,val_loss_median,train_loss_mean,val_loss_mean,train_loss_std,val_loss_std
0,0,76.0634,69.093345,77.55852256041666,70.79684921249999,19.8111996862756,18.560969774205198
1,0,73.2613,72.17741000000001,75.5999147375,73.92701289583333,20.229047381854716,18.89883580301411
2,0,73.143775,68.314405,75.73103180000001,70.42028918749999,20.579074376979076,18.93025297779162
3,0,73.29019,73.716625,76.22331278958332,75.93387626666667,21.182364524091952,21.552247130339776
4,0,87.923265,86.90916,89.21081387708332,88.23931180000001,17.525717785057576,15.046468358835197
