fold,epoch,train_loss_median,val_loss_median,train_loss_mean,val_loss_mean,train_loss_std,val_loss_std
0,0,75.16257,68.03531,76.88853542916667,69.66752659166667,19.526977728176895,17.195649649361787
1,0,76.463885,68.68306,77.49210645208335,69.98984289583333,19.206953729917174,17.629573048335278
2,0,74.701885,75.111965,76.67224406458332,76.89813624166666,20.19545227743359,18.254715951814575
3,0,75.01429,74.029845,76.93593127291666,75.14872705,20.338423375249523,20.469108595889146
4,0,75.62823499999999,71.1853,76.72506570625,71.66672630000001,19.143025986529967,16.44077178801625
