fold,epoch,train_loss_median,val_loss_median,train_loss_mean,val_loss_mean,train_loss_std,val_loss_std
0,0,75.97035500000001,72.41924,77.80629009791667,73.99909879166667,19.484072621215596,18.970335158857363
1,0,75.231615,68.359895,77.13460646041666,72.22692977916667,19.349707919875623,21.568905203944663
2,0,76.657,70.26595499999999,78.52501861041667,71.94726539999999,19.462519734246396,19.643123547670616
3,0,75.47194999999999,70.571595,77.32432606875,73.22532355,20.6119706082731,21.613392436974646
4,0,76.901185,71.39858,78.27796423333334,74.61018265416666,19.06974644065451,20.646981714966383
