fold,epoch,train_loss_median,val_loss_median,train_loss_mean,val_loss_mean,train_loss_std,val_loss_std
0,0,75.92908,72.14571,77.58172749583333,73.33428310833332,19.23582158072141,17.944942004426228
1,0,73.12551500000001,69.19772499999999,75.53909742083334,71.27945925416667,19.724562454026692,18.04990014257527
2,0,76.72154,72.748845,78.99172068333333,74.10607715416667,19.778061981637908,17.573298735381655
3,0,84.78253,79.628435,85.69048709375001,81.087053125,18.40264165956834,19.00229051452262
4,0,76.223265,70.655685,77.71782161666667,72.32202295,19.41158381518948,19.403575173874845
