fold,epoch,train_loss_median,val_loss_median,train_loss_mean,val_loss_mean,train_loss_std,val_loss_std
0,0,73.1576,70.60996499999999,75.464278475,72.87623516666666,19.95776673305084,18.088206441320214
1,0,76.490155,70.89646,77.7711779125,73.0688946,19.745499820598706,19.043151104121954
2,0,75.697615,68.73563999999999,79.05756600208333,71.41907552916666,21.83351508500031,19.39064452873351
3,0,87.085655,86.48158,89.88743618958334,88.86961675,16.74607873699241,15.465663984640424
4,0,75.77402000000001,71.975945,77.34688448333333,72.88928132916666,20.346816072618925,18.81219246339238
