fold,epoch,train_loss_median,val_loss_median,train_loss_mean,val_loss_mean,train_loss_std,val_loss_std
0,0,93.928755,85.69738000000001,96.06312224999999,88.44244365000002,22.135445166571746,16.80648981090448
1,0,86.937655,86.34566000000001,88.33992127291667,88.14914277083334,16.216014216887288,15.314016714124381
2,0,88.226425,86.751355,89.06589650000001,89.155037,18.302388933209038,16.63299373208315
3,0,87.38038,87.17069000000001,89.89539257291666,89.27240327083334,16.759256803010253,14.675193134724504
4,0,82.570875,79.663975,83.13670489166667,79.80293631666666,18.86365509143819,16.668526176264844
