fold,epoch,train_loss_median,val_loss_median,train_loss_mean,val_loss_mean,train_loss_std,val_loss_std
0,0,73.378695,74.47934000000001,75.57865937291666,76.68484982916667,19.97278800899246,17.756767338917854
1,0,72.80429,73.103305,74.87355905833334,75.56228922916667,19.956801751934712,20.723435393810323
2,0,95.463025,86.66749,97.17298930833331,89.54183495,22.952979591217662,17.55192627456112
3,0,94.77239,86.278555,96.58076622291667,89.14216819999999,23.735464227273642,17.554810588307717
4,0,87.6457,87.591125,88.91702468958333,88.43452265,15.724054495438118,14.482765380637273
