fold,epoch,train_loss_median,val_loss_median,train_loss_mean,val_loss_mean,train_loss_std,val_loss_std
0,0,86.707055,85.37504,88.83146512708333,88.33915849583333,15.761969932272379,16.494529885373634
1,0,75.78844000000001,78.35354,77.07515260208332,79.3986744875,19.202763287315936,20.23997583403355
2,0,88.39373499999999,87.09922,89.78469810208333,89.08719523750001,16.136757147926684,16.005397416332404
3,0,74.19681,74.71211,76.89402057291667,76.76469265416667,20.421144275653905,20.681092872990718
4,0,95.458585,86.644335,96.82696134375,88.75154755000001,23.870240203805075,16.886751287301934
