fold,epoch,train_loss_median,val_loss_median,train_loss_mean,val_loss_mean,train_loss_std,val_loss_std
0,0,87.091095,85.342275,89.31718401666667,88.05282855,16.412054057626065,15.647826118216338
1,0,94.22629,86.12332,95.79748609375,88.46296349999999,21.749208737974257,16.60969909395353
2,0,73.24376,73.05717,76.22743218541667,75.4016031875,21.192525049840043,21.472514698463776
3,0,87.084895,87.5386,89.76727225,89.4088677,16.748380119681784,14.488078552035004
4,0,76.33004500000001,75.20042000000001,77.80282732916666,77.290647675,19.37932999989959,21.052476398909487
