fold,epoch,train_loss_median,val_loss_median,train_loss_mean,val_loss_mean,train_loss_std,val_loss_std
0,0,79.53551999999999,85.228555,80.54032123750001,88.10782084166667,19.34277300644971,18.093385670231157
1,0,74.544985,70.270285,76.6927741,72.99646562083333,19.99590045506997,19.886093999957883
2,0,73.78278,68.19862,76.76408415,70.62498647916667,20.80371305758954,18.309038781052024
3,0,72.25275500000001,70.098435,75.28633659583333,72.44749357916668,20.90838767174843,19.334511889238243
4,0,94.72652500000001,86.45055500000001,96.195469925,88.58957445,22.033011259199654,16.642556276153933
