fold,epoch,train_loss_median,val_loss_median,train_loss_mean,val_loss_mean,train_loss_std,val_loss_std
0,0,77.10872,83.493685,78.30988857708333,85.07561295,19.263091773442955,21.132381256124553
1,0,77.40653499999999,77.167445,78.68955569375,78.8734135875,19.169294911335836,20.51901542192084
2,0,77.95701,76.70032,79.55233446666668,77.77798949166667,19.398427687845924,19.900790151505664
3,0,76.49628,70.65079499999999,78.26304015000001,73.0735596125,19.772410691723092,20.25474861459838
4,0,76.70719,86.909325,78.33734125625,88.2440139625,19.37389461167688,15.041124222215585
