fold,epoch,train_loss_median,val_loss_median,train_loss_mean,val_loss_mean,train_loss_std,val_loss_std
0,0,76.5415,81.46054000000001,78.2166629,83.25803471249999,19.361178114727856,21.062733816937055
1,0,83.3305,81.118645,83.89847882500001,81.30651867916667,18.670405855619105,17.18694734720898
2,0,77.108935,72.401675,79.17170995208333,74.096911825,19.891635769666006,19.69795148045043
3,0,74.62301500000001,68.08049,76.94666205416667,70.58378820833333,20.717006291621644,19.92671917749175
4,0,74.83093500000001,71.39934,77.3968140875,74.08397942083333,19.77861746982325,19.210443754088768
