fold,epoch,train_loss_median,val_loss_median,train_loss_mean,val_loss_mean,train_loss_std,val_loss_std
0,0,77.67308,74.488335,79.02614074375,76.23870292916668,19.29654729215298,17.674393131951028
1,0,77.03815,73.05008000000001,78.25689477499999,74.73966377916668,18.923665943808324,15.3558131884126
2,0,78.19333499999999,72.59738999999999,79.78647462708334,74.59592700416665,19.89669370056512,17.916296523822762
3,0,76.073025,74.01818,77.45687499375,73.79205315833335,19.63346278785167,17.745308580274564
4,0,76.76995,71.79405,77.76272265833335,74.1116107875,19.234436618696694,19.495506821021106
