fold,epoch,train_loss_median,val_loss_median,train_loss_mean,val_loss_mean,train_loss_std,val_loss_std
0,0,71.95451,67.78905,74.47906345000001,70.71201522083334,20.241260187684627,20.383662539910194
1,0,74.02615,71.13864,76.98067686666667,73.72303897083333,20.05266522022465,18.013851682783194
2,0,73.72140999999999,76.42406,76.65957520416667,78.8111633125,20.679737681362443,23.11216675976145
3,0,72.78129000000001,69.006355,75.59567877708332,71.593712625,21.318131034160622,18.229055806967324
4,0,94.91948500000001,86.318015,96.07500818541666,88.54187645416665,21.895691747685486,16.563108544775428
