fold,epoch,train_loss_median,val_loss_median,train_loss_mean,val_loss_mean,train_loss_std,val_loss_std
0,0,74.086075,74.831005,77.32887863124999,78.14984923333333,20.493972721594822,20.145991684777414
1,0,73.332105,67.2877,75.59521496250001,69.82377771666667,19.850931756350658,18.18440761570001
2,0,87.846845,86.507395,89.25029311666667,86.78381549166667,17.946534862629708,18.071734803207235
3,0,73.371475,69.508815,76.98322647083333,73.27807508333333,20.655116613216382,19.082172776867456
4,0,73.192985,72.15416,75.78395085833333,73.48483698333332,20.420246841629382,17.15712268362941
