fold,epoch,train_loss_median,val_loss_median,train_loss_mean,val_loss_mean,train_loss_std,val_loss_std
0,0,73.58032,69.11142000000001,75.69704532708333,70.8878242625,20.215252482337558,18.31799932755208
1,0,92.652985,86.14101500000001,94.54176809166667,88.55668195000001,21.707566530933256,16.764961097024223
2,0,74.46132,71.866595,76.86600490208335,73.98095509166667,21.245007756279254,20.085111609976735
3,0,74.241805,68.249105,77.13571762291666,71.94492661666668,21.20066321249356,19.784804924629395
4,0,94.83063,86.43190999999999,96.14042894583334,88.58275900000001,21.957542820830135,16.631450666928966
