fold,epoch,train_loss_median,val_loss_median,train_loss_mean,val_loss_mean,train_loss_std,val_loss_std
0,0,73.620745,69.27888,76.13397075416665,70.90386632083333,20.579188299254398,17.183728830549494
1,0,94.033805,86.19088500000001,95.85947188958333,88.5243072625,21.98481862671175,16.714040287023963
2,0,95.915725,86.681835,97.44500602083333,89.5279571,23.357813198022757,17.530697500339155
3,0,86.90898,87.16997,89.51911264999998,89.2774611,16.33140233072731,14.679669286815141
4,0,95.00152,86.353825,96.13606647916667,88.55458819166667,22.077435552083024,16.584694220098413
