fold,epoch,train_loss_median,val_loss_median,train_loss_mean,val_loss_mean,train_loss_std,val_loss_std
0,0,87.19904500000001,85.2139,89.02404206874999,88.08038322499999,16.415655241886874,15.759241024348018
1,0,77.098635,71.51407,78.7615026,72.93747627500001,19.449568448033624,17.555509498404668
2,0,87.94100499999999,86.48326,88.28198808333333,87.767338625,17.89881703471131,17.762505438793614
3,0,81.18291,77.62523999999999,82.11377156458335,78.958852125,20.00878417218822,19.59750739084011
4,0,88.15922499999999,88.279025,89.34387076666665,88.54721674999999,16.513899059682174,14.307348163416306
