fold,epoch,train_loss_median,val_loss_median,train_loss_mean,val_loss_mean,train_loss_std,val_loss_std
0,0,86.763915,85.175235,88.52614876041666,88.0491633,15.489684932542366,15.761984905373819
1,0,94.37948,86.132025,95.74588588333333,88.46933784999999,21.650203629883492,16.620807591663105
2,0,88.28706,90.63433,89.42877410833333,91.20682270833333,16.628186129866126,13.617265711197824
3,0,94.42002500000001,86.275255,96.47544293958333,89.14937195416665,23.38241231446247,17.568519903302885
4,0,73.15123,69.03005999999999,75.35320537083334,70.92616064166667,19.805208036500076,17.643586401599414
