fold,epoch,train_loss_median,val_loss_median,train_loss_mean,val_loss_mean,train_loss_std,val_loss_std
0,0,94.30377,85.66246000000001,95.95184808125,88.41798955,22.174983115273353,16.767413477037188
1,0,73.413465,74.28596,75.72346267916667,75.784041275,20.31761844756411,20.24414554619445
2,0,96.27241000000001,86.62984499999999,97.61484411041667,89.56285745000001,23.48278565381351,17.583598938556776
3,0,72.53691,67.985395,75.25538762291667,70.91249727083334,21.0141928433568,19.285926253213628
4,0,73.085195,67.69355,75.04795230625001,70.32617255,19.838586573418286,19.108753248834226
