fold,epoch,train_loss_median,val_loss_median,train_loss_mean,val_loss_mean,train_loss_std,val_loss_std
0,0,76.83345,70.47073499999999,78.47595014999999,72.37830607083333,19.345889272322495,18.80919340793268
1,0,94.67053,86.16102000000001,95.88493377500001,88.49067,22.163846810918386,16.657361139132153
2,0,73.49875,68.19195500000001,76.4362215375,70.81053754999999,20.855911875075517,19.543403918620598
3,0,76.388295,71.316715,77.68610920625,73.3490305625,20.19232879426014,20.91213014004212
4,0,87.692305,88.570875,88.82142734375002,88.57859313750001,15.760120764505794,14.225695158655437
