fold,epoch,train_loss_median,val_loss_median,train_loss_mean,val_loss_mean,train_loss_std,val_loss_std
0,0,86.72978499999999,86.526735,88.44208801458333,88.06416315,15.794128339590443,15.097391607209525
1,0,76.468435,70.13986,77.996538925,72.20086723333334,19.054317720054808,19.2864818116913
2,0,87.79014000000001,89.358165,89.31524945416668,89.74894525,16.61203884919704,14.51824423319397
3,0,76.19890000000001,70.58188,77.86938257291666,72.20890058333333,19.976959207531987,18.138324901743278
4,0,76.227475,70.31404,77.38348655416667,72.18192044583334,19.092421380184156,19.82117548804438
