fold,epoch,train_loss_median,val_loss_median,train_loss_mean,val_loss_mean,train_loss_std,val_loss_std
0,0,94.134895,85.62476000000001,95.83787376666668,88.393199,22.143788357901073,16.726779668745294
1,0,94.15680499999999,86.05872,95.69897806458333,88.4160941,21.6481323568581,16.52502577914964
2,0,84.88253,80.40639,85.69752597083333,81.67469022916666,18.678874193430687,19.40826439534077
3,0,87.1438,85.428625,89.63899373750002,88.8074247,17.669315923881257,16.11470224478364
4,0,94.985975,86.401195,96.07532125,88.5716032,22.011515731130423,16.613107028329942
