fold,epoch,train_loss_median,val_loss_median,train_loss_mean,val_loss_mean,train_loss_std,val_loss_std
0,0,73.029495,68.17287,75.86758608958334,70.38366585833333,20.30187955922948,18.44651644951603
1,0,88.151155,85.765155,90.496023675,88.20353587083333,18.080845015242378,15.87453769193622
2,0,73.180015,67.5096,75.81782859791667,70.29137882083333,20.47823333054698,19.082385138489528
3,0,75.45739,68.587125,77.81765140625001,70.9261890375,21.30659977603184,19.239035117260045
4,0,76.02335,78.731415,78.05534969375,80.64883299166667,19.757095377015748,22.13241640477863
