fold,epoch,train_loss_median,val_loss_median,train_loss_mean,val_loss_mean,train_loss_std,val_loss_std
0,0,84.91844,85.141735,86.33268663333334,88.09779979999999,17.178582553277103,15.841143128748865
1,0,85.14984000000001,85.909545,85.96435409583333,88.15708637916666,17.71782502389877,15.631783803860108
2,0,95.81173,86.64207,97.34209566041667,89.5044429,22.756385225867138,17.494112515820905
3,0,94.77404999999999,86.27869,96.41218162083334,89.14188645,23.125963434454494,17.554268413474137
4,0,72.528825,69.950445,74.86219675625,71.81297966666666,19.737025819760618,19.722642056795184
