fold,epoch,train_loss_median,val_loss_median,train_loss_mean,val_loss_mean,train_loss_std,val_loss_std
0,0,76.57820000000001,80.83454499999999,77.75097834583333,82.94359897916667,19.446931626366677,21.53650776008404
1,0,76.35323,71.54756,77.70915135625,72.71847195416667,19.231224069047542,18.121864879539782
2,0,75.88086,78.9839,77.34784993958333,78.2966553625,19.915126308557102,16.57263434515726
3,0,75.82845499999999,68.69466,77.85706885416667,71.93963559166667,20.07791868022086,19.913644014763946
4,0,75.49686,72.15793,76.56371148958334,73.84747785416667,18.99220927689079,20.269574284533075
